Type;Method;Mode;Platform;Jit;.NET;toolchain;Runtime;Warmup;Target;IntParam;AvrTime;StdDev;op/s;StdErr
MemCopyBench;ArrayCopy;Throughput;X64;RyuJit;HostFramework;Classic;Clr;5;10;0;4.3432;.0825;230,324,244.88;.0151
MemCopyBench;BlockCopy;Throughput;X64;RyuJit;HostFramework;Classic;Clr;5;10;0;4.8666;.0886;205,545,857.61;.0162
MemCopyBench;VectorizedCopyExtension;Throughput;X64;RyuJit;HostFramework;Classic;Clr;5;10;0;2.027;.0346;493,472,059.76;.0063
MemCopyBench;ArrayCopy;Throughput;X64;RyuJit;HostFramework;Classic;Clr;5;10;1;5.7284;.0951;174,613,397.66;.0174
MemCopyBench;BlockCopy;Throughput;X64;RyuJit;HostFramework;Classic;Clr;5;10;1;6.0099;.0102;166,393,078.33;.0019
MemCopyBench;VectorizedCopyExtension;Throughput;X64;RyuJit;HostFramework;Classic;Clr;5;10;1;3.584;.0616;279,095,553.59;.0113
MemCopyBench;ArrayCopy;Throughput;X64;RyuJit;HostFramework;Classic;Clr;5;10;2;5.8;.0925;172,457,750.22;.0169
MemCopyBench;BlockCopy;Throughput;X64;RyuJit;HostFramework;Classic;Clr;5;10;2;5.8619;.1;170,641,279.28;.0183
MemCopyBench;VectorizedCopyExtension;Throughput;X64;RyuJit;HostFramework;Classic;Clr;5;10;2;3.8173;.0027;261,962,919.83;.0005
MemCopyBench;ArrayCopy;Throughput;X64;RyuJit;HostFramework;Classic;Clr;5;10;3;5.7231;.1;174,780,635.43;.0183
MemCopyBench;BlockCopy;Throughput;X64;RyuJit;HostFramework;Classic;Clr;5;10;3;5.8703;.1008;170,396,161.19;.0184
MemCopyBench;VectorizedCopyExtension;Throughput;X64;RyuJit;HostFramework;Classic;Clr;5;10;3;4.0668;.0739;245,973,535.19;.0135
MemCopyBench;ArrayCopy;Throughput;X64;RyuJit;HostFramework;Classic;Clr;5;10;4;5.871;.0208;170,332,048.11;.0038
MemCopyBench;BlockCopy;Throughput;X64;RyuJit;HostFramework;Classic;Clr;5;10;4;5.9355;.1026;168,528,148.03;.0187
MemCopyBench;VectorizedCopyExtension;Throughput;X64;RyuJit;HostFramework;Classic;Clr;5;10;4;3.5801;.0603;279,400,369.43;.011
MemCopyBench;ArrayCopy;Throughput;X64;RyuJit;HostFramework;Classic;Clr;5;10;5;5.8673;.0104;170,437,225.19;.0019
MemCopyBench;BlockCopy;Throughput;X64;RyuJit;HostFramework;Classic;Clr;5;10;5;5.9407;.106;168,382,732.88;.0193
MemCopyBench;VectorizedCopyExtension;Throughput;X64;RyuJit;HostFramework;Classic;Clr;5;10;5;3.6774;.0127;271,932,810.61;.0023
MemCopyBench;ArrayCopy;Throughput;X64;RyuJit;HostFramework;Classic;Clr;5;10;6;5.941;.0978;168,365,533.85;.0179
MemCopyBench;BlockCopy;Throughput;X64;RyuJit;HostFramework;Classic;Clr;5;10;6;6.1561;.0152;162,442,647.10;.0028
MemCopyBench;VectorizedCopyExtension;Throughput;X64;RyuJit;HostFramework;Classic;Clr;5;10;6;4.1069;.0139;243,496,948.01;.0025
MemCopyBench;ArrayCopy;Throughput;X64;RyuJit;HostFramework;Classic;Clr;5;10;7;5.8682;.0978;170,455,514.03;.0179
MemCopyBench;BlockCopy;Throughput;X64;RyuJit;HostFramework;Classic;Clr;5;10;7;6.0837;.1084;164,425,534.76;.0198
MemCopyBench;VectorizedCopyExtension;Throughput;X64;RyuJit;HostFramework;Classic;Clr;5;10;7;4.3471;.0761;230,106,855.01;.0139
MemCopyBench;ArrayCopy;Throughput;X64;RyuJit;HostFramework;Classic;Clr;5;10;8;5.796;.1014;172,584,514.72;.0185
MemCopyBench;BlockCopy;Throughput;X64;RyuJit;HostFramework;Classic;Clr;5;10;8;5.9406;.0969;168,375,832.85;.0177
MemCopyBench;VectorizedCopyExtension;Throughput;X64;RyuJit;HostFramework;Classic;Clr;5;10;8;3.6227;.0597;276,111,777.08;.0109
MemCopyBench;ArrayCopy;Throughput;X64;RyuJit;HostFramework;Classic;Clr;5;10;9;5.8628;.01;170,568,210.23;.0018
MemCopyBench;BlockCopy;Throughput;X64;RyuJit;HostFramework;Classic;Clr;5;10;9;6.0097;.0147;166,397,469.33;.0027
MemCopyBench;VectorizedCopyExtension;Throughput;X64;RyuJit;HostFramework;Classic;Clr;5;10;9;3.9651;.0076;252,203,935.83;.0014
MemCopyBench;ArrayCopy;Throughput;X64;RyuJit;HostFramework;Classic;Clr;5;10;10;5.8639;.0113;170,536,867.40;.0021
MemCopyBench;BlockCopy;Throughput;X64;RyuJit;HostFramework;Classic;Clr;5;10;10;5.9407;.0975;168,374,467.10;.0178
MemCopyBench;VectorizedCopyExtension;Throughput;X64;RyuJit;HostFramework;Classic;Clr;5;10;10;4.2031;.0708;237,984,581.70;.0129
MemCopyBench;ArrayCopy;Throughput;X64;RyuJit;HostFramework;Classic;Clr;5;10;11;6.0222;.0384;166,059,674.28;.007
MemCopyBench;BlockCopy;Throughput;X64;RyuJit;HostFramework;Classic;Clr;5;10;11;6.0856;.1006;164,365,421.87;.0184
MemCopyBench;VectorizedCopyExtension;Throughput;X64;RyuJit;HostFramework;Classic;Clr;5;10;11;4.398;.0114;227,378,140.50;.0021
MemCopyBench;ArrayCopy;Throughput;X64;RyuJit;HostFramework;Classic;Clr;5;10;12;5.7978;.0968;172,525,275.05;.0177
MemCopyBench;BlockCopy;Throughput;X64;RyuJit;HostFramework;Classic;Clr;5;10;12;5.9368;.1118;168,499,595.33;.0204
MemCopyBench;VectorizedCopyExtension;Throughput;X64;RyuJit;HostFramework;Classic;Clr;5;10;12;3.8656;.0701;258,771,249.76;.0128
MemCopyBench;ArrayCopy;Throughput;X64;RyuJit;HostFramework;Classic;Clr;5;10;13;5.8599;.0985;170,697,280.28;.018
MemCopyBench;BlockCopy;Throughput;X64;RyuJit;HostFramework;Classic;Clr;5;10;13;5.9452;.0198;168,205,061.59;.0036
MemCopyBench;VectorizedCopyExtension;Throughput;X64;RyuJit;HostFramework;Classic;Clr;5;10;13;4.0097;.0764;249,478,943.34;.014
MemCopyBench;ArrayCopy;Throughput;X64;RyuJit;HostFramework;Classic;Clr;5;10;14;5.8726;.1039;170,332,872.65;.019
MemCopyBench;BlockCopy;Throughput;X64;RyuJit;HostFramework;Classic;Clr;5;10;14;6.0807;.1034;164,500,497.80;.0189
MemCopyBench;VectorizedCopyExtension;Throughput;X64;RyuJit;HostFramework;Classic;Clr;5;10;14;4.3579;.0741;229,535,593.28;.0135
MemCopyBench;ArrayCopy;Throughput;X64;RyuJit;HostFramework;Classic;Clr;5;10;15;5.9407;.1045;168,380,987.89;.0191
MemCopyBench;BlockCopy;Throughput;X64;RyuJit;HostFramework;Classic;Clr;5;10;15;6.0864;.1013;164,346,271.10;.0185
MemCopyBench;VectorizedCopyExtension;Throughput;X64;RyuJit;HostFramework;Classic;Clr;5;10;15;4.6881;.0691;213,349,804.77;.0126
MemCopyBench;ArrayCopy;Throughput;X64;RyuJit;HostFramework;Classic;Clr;5;10;16;5.7952;.1034;172,611,407.93;.0189
MemCopyBench;BlockCopy;Throughput;X64;RyuJit;HostFramework;Classic;Clr;5;10;16;5.9432;.1025;168,307,450.63;.0187
MemCopyBench;VectorizedCopyExtension;Throughput;X64;RyuJit;HostFramework;Classic;Clr;5;10;16;3.8084;.0088;262,578,647.13;.0016
MemCopyBench;ArrayCopy;Throughput;X64;RyuJit;HostFramework;Classic;Clr;5;10;17;10.6954;.005;93,498,530.53;.0009
MemCopyBench;BlockCopy;Throughput;X64;RyuJit;HostFramework;Classic;Clr;5;10;17;10.7207;.1785;93,303,079.33;.0326
MemCopyBench;VectorizedCopyExtension;Throughput;X64;RyuJit;HostFramework;Classic;Clr;5;10;17;4.1017;.003;243,800,116.81;.0005
MemCopyBench;ArrayCopy;Throughput;X64;RyuJit;HostFramework;Classic;Clr;5;10;18;10.5726;.1837;94,611,697.63;.0335
MemCopyBench;BlockCopy;Throughput;X64;RyuJit;HostFramework;Classic;Clr;5;10;18;10.7337;.1975;93,195,517.60;.0361
MemCopyBench;VectorizedCopyExtension;Throughput;X64;RyuJit;HostFramework;Classic;Clr;5;10;18;4.2452;.0136;235,559,959.02;.0025
MemCopyBench;ArrayCopy;Throughput;X64;RyuJit;HostFramework;Classic;Clr;5;10;19;10.6961;.0099;93,492,317.08;.0018
MemCopyBench;BlockCopy;Throughput;X64;RyuJit;HostFramework;Classic;Clr;5;10;19;10.5863;.198;94,493,228.69;.0361
MemCopyBench;VectorizedCopyExtension;Throughput;X64;RyuJit;HostFramework;Classic;Clr;5;10;19;4.7175;.2517;212,539,091.31;.046
MemCopyBench;ArrayCopy;Throughput;X64;RyuJit;HostFramework;Classic;Clr;5;10;20;10.9211;.8896;92,124,670.55;.1624
MemCopyBench;BlockCopy;Throughput;X64;RyuJit;HostFramework;Classic;Clr;5;10;20;10.8452;.009;92,206,820.56;.0016
MemCopyBench;VectorizedCopyExtension;Throughput;X64;RyuJit;HostFramework;Classic;Clr;5;10;20;3.9598;.0051;252,538,656.81;.0009
MemCopyBench;ArrayCopy;Throughput;X64;RyuJit;HostFramework;Classic;Clr;5;10;21;10.5724;.1783;94,611,974.25;.0326
MemCopyBench;BlockCopy;Throughput;X64;RyuJit;HostFramework;Classic;Clr;5;10;21;10.8392;.0055;92,257,363.86;.001
MemCopyBench;VectorizedCopyExtension;Throughput;X64;RyuJit;HostFramework;Classic;Clr;5;10;21;4.2442;.0065;235,617,715.97;.0012
MemCopyBench;ArrayCopy;Throughput;X64;RyuJit;HostFramework;Classic;Clr;5;10;22;10.6972;.0124;93,482,939.16;.0023
MemCopyBench;BlockCopy;Throughput;X64;RyuJit;HostFramework;Classic;Clr;5;10;22;10.468;.0311;95,530,367.23;.0057
MemCopyBench;VectorizedCopyExtension;Throughput;X64;RyuJit;HostFramework;Classic;Clr;5;10;22;4.5098;.0951;221,833,862.72;.0174
MemCopyBench;ArrayCopy;Throughput;X64;RyuJit;HostFramework;Classic;Clr;5;10;23;10.5796;.1825;94,548,608.52;.0333
MemCopyBench;BlockCopy;Throughput;X64;RyuJit;HostFramework;Classic;Clr;5;10;23;10.5863;.1857;94,489,275.32;.0339
MemCopyBench;VectorizedCopyExtension;Throughput;X64;RyuJit;HostFramework;Classic;Clr;5;10;23;4.6925;.017;213,106,580.99;.0031
MemCopyBench;ArrayCopy;Throughput;X64;RyuJit;HostFramework;Classic;Clr;5;10;24;10.7015;.0256;93,445,585.62;.0047
MemCopyBench;BlockCopy;Throughput;X64;RyuJit;HostFramework;Classic;Clr;5;10;24;10.8423;.0068;92,231,634.97;.0012
MemCopyBench;VectorizedCopyExtension;Throughput;X64;RyuJit;HostFramework;Classic;Clr;5;10;24;3.8208;.0251;261,736,065.75;.0046
MemCopyBench;ArrayCopy;Throughput;X64;RyuJit;HostFramework;Classic;Clr;5;10;25;10.577;.1734;94,569,267.61;.0317
MemCopyBench;BlockCopy;Throughput;X64;RyuJit;HostFramework;Classic;Clr;5;10;25;10.4676;.0376;95,533,654.76;.0069
MemCopyBench;VectorizedCopyExtension;Throughput;X64;RyuJit;HostFramework;Classic;Clr;5;10;25;4.0966;.0753;244,184,056.13;.0137
MemCopyBench;ArrayCopy;Throughput;X64;RyuJit;HostFramework;Classic;Clr;5;10;26;10.8758;.5318;92,156,372.85;.0971
MemCopyBench;BlockCopy;Throughput;X64;RyuJit;HostFramework;Classic;Clr;5;10;26;10.5921;.1797;94,436,119.76;.0328
MemCopyBench;VectorizedCopyExtension;Throughput;X64;RyuJit;HostFramework;Classic;Clr;5;10;26;4.3465;.0769;230,139,687.68;.014
MemCopyBench;ArrayCopy;Throughput;X64;RyuJit;HostFramework;Classic;Clr;5;10;27;10.4394;.1844;95,819,737.35;.0337
MemCopyBench;BlockCopy;Throughput;X64;RyuJit;HostFramework;Classic;Clr;5;10;27;10.8496;.0193;92,169,376.78;.0035
MemCopyBench;VectorizedCopyExtension;Throughput;X64;RyuJit;HostFramework;Classic;Clr;5;10;27;4.4507;.0814;224,754,784.46;.0149
MemCopyBench;ArrayCopy;Throughput;X64;RyuJit;HostFramework;Classic;Clr;5;10;28;10.7901;.4255;92,815,804.65;.0777
MemCopyBench;BlockCopy;Throughput;X64;RyuJit;HostFramework;Classic;Clr;5;10;28;10.8418;.0038;92,235,904.69;.0007
MemCopyBench;VectorizedCopyExtension;Throughput;X64;RyuJit;HostFramework;Classic;Clr;5;10;28;4.1366;.0478;241,772,377.39;.0087
MemCopyBench;ArrayCopy;Throughput;X64;RyuJit;HostFramework;Classic;Clr;5;10;29;10.5736;.1783;94,601,907.58;.0325
MemCopyBench;BlockCopy;Throughput;X64;RyuJit;HostFramework;Classic;Clr;5;10;29;10.5867;.1856;94,486,179.54;.0339
MemCopyBench;VectorizedCopyExtension;Throughput;X64;RyuJit;HostFramework;Classic;Clr;5;10;29;4.1551;.0704;240,733,052.56;.0128
MemCopyBench;ArrayCopy;Throughput;X64;RyuJit;HostFramework;Classic;Clr;5;10;30;10.6983;.019;93,473,071.47;.0035
MemCopyBench;BlockCopy;Throughput;X64;RyuJit;HostFramework;Classic;Clr;5;10;30;10.8461;.0249;92,199,634.98;.0045
MemCopyBench;VectorizedCopyExtension;Throughput;X64;RyuJit;HostFramework;Classic;Clr;5;10;30;4.784;.0932;209,105,993.58;.017
MemCopyBench;ArrayCopy;Throughput;X64;RyuJit;HostFramework;Classic;Clr;5;10;31;10.5758;.1861;94,583,717.64;.034
MemCopyBench;BlockCopy;Throughput;X64;RyuJit;HostFramework;Classic;Clr;5;10;31;10.8505;.0259;92,161,874.17;.0047
MemCopyBench;VectorizedCopyExtension;Throughput;X64;RyuJit;HostFramework;Classic;Clr;5;10;31;4.8411;.0221;206,569,087.60;.004
MemCopyBench;ArrayCopy;Throughput;X64;RyuJit;HostFramework;Classic;Clr;5;10;32;10.5688;.1852;94,646,552.93;.0338
MemCopyBench;BlockCopy;Throughput;X64;RyuJit;HostFramework;Classic;Clr;5;10;32;10.4672;.0402;95,537,677.55;.0073
MemCopyBench;VectorizedCopyExtension;Throughput;X64;RyuJit;HostFramework;Classic;Clr;5;10;32;2.7518;.05;363,515,306.64;.0091
MemCopyBench;ArrayCopy;Throughput;X64;RyuJit;HostFramework;Classic;Clr;5;10;33;10.5647;.1977;94,687,082.77;.0361
MemCopyBench;BlockCopy;Throughput;X64;RyuJit;HostFramework;Classic;Clr;5;10;33;10.5894;.1819;94,461,058.17;.0332
MemCopyBench;VectorizedCopyExtension;Throughput;X64;RyuJit;HostFramework;Classic;Clr;5;10;33;4.1079;.0114;243,435,478.42;.0021
MemCopyBench;ArrayCopy;Throughput;X64;RyuJit;HostFramework;Classic;Clr;5;10;34;10.6961;.0034;93,492,194.97;.0006
MemCopyBench;BlockCopy;Throughput;X64;RyuJit;HostFramework;Classic;Clr;5;10;34;10.8399;.0041;92,252,082.38;.0007
MemCopyBench;VectorizedCopyExtension;Throughput;X64;RyuJit;HostFramework;Classic;Clr;5;10;34;4.3481;.073;230,046,570.17;.0133
MemCopyBench;ArrayCopy;Throughput;X64;RyuJit;HostFramework;Classic;Clr;5;10;35;10.6989;.0191;93,467,991.23;.0035
MemCopyBench;BlockCopy;Throughput;X64;RyuJit;HostFramework;Classic;Clr;5;10;35;10.7163;.1887;93,343,696.60;.0344
MemCopyBench;VectorizedCopyExtension;Throughput;X64;RyuJit;HostFramework;Classic;Clr;5;10;35;4.4708;.0788;223,741,943.23;.0144
MemCopyBench;ArrayCopy;Throughput;X64;RyuJit;HostFramework;Classic;Clr;5;10;36;10.6876;.3019;93,639,068.50;.0551
MemCopyBench;BlockCopy;Throughput;X64;RyuJit;HostFramework;Classic;Clr;5;10;36;10.8447;.0251;92,211,290.49;.0046
MemCopyBench;VectorizedCopyExtension;Throughput;X64;RyuJit;HostFramework;Classic;Clr;5;10;36;4.0572;.0692;246,548,152.20;.0126
MemCopyBench;ArrayCopy;Throughput;X64;RyuJit;HostFramework;Classic;Clr;5;10;37;11.0047;.7339;91,248,906.70;.134
MemCopyBench;BlockCopy;Throughput;X64;RyuJit;HostFramework;Classic;Clr;5;10;37;10.8497;.038;92,169,925.93;.0069
MemCopyBench;VectorizedCopyExtension;Throughput;X64;RyuJit;HostFramework;Classic;Clr;5;10;37;4.2041;.0736;237,933,398.49;.0134
MemCopyBench;ArrayCopy;Throughput;X64;RyuJit;HostFramework;Classic;Clr;5;10;38;10.569;.1822;94,643,529.65;.0333
MemCopyBench;BlockCopy;Throughput;X64;RyuJit;HostFramework;Classic;Clr;5;10;38;10.8497;.0273;92,168,736.47;.005
MemCopyBench;VectorizedCopyExtension;Throughput;X64;RyuJit;HostFramework;Classic;Clr;5;10;38;4.4621;.0773;224,173,089.50;.0141
MemCopyBench;ArrayCopy;Throughput;X64;RyuJit;HostFramework;Classic;Clr;5;10;39;10.4477;.1792;95,742,065.87;.0327
MemCopyBench;BlockCopy;Throughput;X64;RyuJit;HostFramework;Classic;Clr;5;10;39;10.5826;.1863;94,522,324.65;.034
MemCopyBench;VectorizedCopyExtension;Throughput;X64;RyuJit;HostFramework;Classic;Clr;5;10;39;4.8572;.0111;205,880,173.08;.002
MemCopyBench;ArrayCopy;Throughput;X64;RyuJit;HostFramework;Classic;Clr;5;10;40;10.5745;.1778;94,593,115.63;.0325
MemCopyBench;BlockCopy;Throughput;X64;RyuJit;HostFramework;Classic;Clr;5;10;40;10.7357;.1674;93,169,449.07;.0306
MemCopyBench;VectorizedCopyExtension;Throughput;X64;RyuJit;HostFramework;Classic;Clr;5;10;40;4.0031;.0755;249,893,099.40;.0138
MemCopyBench;ArrayCopy;Throughput;X64;RyuJit;HostFramework;Classic;Clr;5;10;41;10.7052;.0403;93,414,127.26;.0074
MemCopyBench;BlockCopy;Throughput;X64;RyuJit;HostFramework;Classic;Clr;5;10;41;10.7163;.188;93,344,062.30;.0343
MemCopyBench;VectorizedCopyExtension;Throughput;X64;RyuJit;HostFramework;Classic;Clr;5;10;41;4.3465;.078;230,143,660.37;.0142
MemCopyBench;ArrayCopy;Throughput;X64;RyuJit;HostFramework;Classic;Clr;5;10;42;10.4468;.1874;95,752,896.34;.0342
MemCopyBench;BlockCopy;Throughput;X64;RyuJit;HostFramework;Classic;Clr;5;10;42;10.4636;.0292;95,570,271.75;.0053
MemCopyBench;VectorizedCopyExtension;Throughput;X64;RyuJit;HostFramework;Classic;Clr;5;10;42;4.6383;.0817;215,662,815.73;.0149
MemCopyBench;ArrayCopy;Throughput;X64;RyuJit;HostFramework;Classic;Clr;5;10;43;10.4503;.1812;95,718,238.83;.0331
MemCopyBench;BlockCopy;Throughput;X64;RyuJit;HostFramework;Classic;Clr;5;10;43;10.5768;.1914;94,575,828.67;.0349
MemCopyBench;VectorizedCopyExtension;Throughput;X64;RyuJit;HostFramework;Classic;Clr;5;10;43;4.7315;.0853;211,413,378.48;.0156
MemCopyBench;ArrayCopy;Throughput;X64;RyuJit;HostFramework;Classic;Clr;5;10;44;10.6974;.0251;93,480,731.60;.0046
MemCopyBench;BlockCopy;Throughput;X64;RyuJit;HostFramework;Classic;Clr;5;10;44;10.8399;.0074;92,251,738.01;.0013
MemCopyBench;VectorizedCopyExtension;Throughput;X64;RyuJit;HostFramework;Classic;Clr;5;10;44;4.4153;.0125;226,489,223.32;.0023
MemCopyBench;ArrayCopy;Throughput;X64;RyuJit;HostFramework;Classic;Clr;5;10;45;10.4417;.1816;95,797,298.71;.0332
MemCopyBench;BlockCopy;Throughput;X64;RyuJit;HostFramework;Classic;Clr;5;10;45;10.7124;.1849;93,376,649.25;.0338
MemCopyBench;VectorizedCopyExtension;Throughput;X64;RyuJit;HostFramework;Classic;Clr;5;10;45;4.4386;.0768;225,361,446.43;.014
MemCopyBench;ArrayCopy;Throughput;X64;RyuJit;HostFramework;Classic;Clr;5;10;46;10.5716;.1853;94,621,194.04;.0338
MemCopyBench;BlockCopy;Throughput;X64;RyuJit;HostFramework;Classic;Clr;5;10;46;10.5959;.1766;94,400,935.04;.0322
MemCopyBench;VectorizedCopyExtension;Throughput;X64;RyuJit;HostFramework;Classic;Clr;5;10;46;4.8211;.1021;207,513,219.66;.0186
MemCopyBench;ArrayCopy;Throughput;X64;RyuJit;HostFramework;Classic;Clr;5;10;47;10.5774;.193;94,572,136.25;.0352
MemCopyBench;BlockCopy;Throughput;X64;RyuJit;HostFramework;Classic;Clr;5;10;47;10.7115;.1838;93,384,868.72;.0336
MemCopyBench;VectorizedCopyExtension;Throughput;X64;RyuJit;HostFramework;Classic;Clr;5;10;47;5.0163;.0902;199,412,917.35;.0165
MemCopyBench;ArrayCopy;Throughput;X64;RyuJit;HostFramework;Classic;Clr;5;10;48;10.7236;.0447;93,254,055.87;.0082
MemCopyBench;BlockCopy;Throughput;X64;RyuJit;HostFramework;Classic;Clr;5;10;48;10.5947;.1771;94,412,237.25;.0323
MemCopyBench;VectorizedCopyExtension;Throughput;X64;RyuJit;HostFramework;Classic;Clr;5;10;48;4.1953;.0739;238,430,563.58;.0135
MemCopyBench;ArrayCopy;Throughput;X64;RyuJit;HostFramework;Classic;Clr;5;10;49;10.6932;.023;93,517,462.00;.0042
MemCopyBench;BlockCopy;Throughput;X64;RyuJit;HostFramework;Classic;Clr;5;10;49;10.8352;.0184;92,291,977.47;.0034
MemCopyBench;VectorizedCopyExtension;Throughput;X64;RyuJit;HostFramework;Classic;Clr;5;10;49;4.4882;.0854;222,883,635.31;.0156
MemCopyBench;ArrayCopy;Throughput;X64;RyuJit;HostFramework;Classic;Clr;5;10;50;10.5692;.1829;94,641,893.59;.0334
MemCopyBench;BlockCopy;Throughput;X64;RyuJit;HostFramework;Classic;Clr;5;10;50;10.5813;.1775;94,531,829.34;.0324
MemCopyBench;VectorizedCopyExtension;Throughput;X64;RyuJit;HostFramework;Classic;Clr;5;10;50;4.7818;.0843;209,190,309.78;.0154
MemCopyBench;ArrayCopy;Throughput;X64;RyuJit;HostFramework;Classic;Clr;5;10;51;10.7062;.0437;93,405,272.22;.008
MemCopyBench;BlockCopy;Throughput;X64;RyuJit;HostFramework;Classic;Clr;5;10;51;10.7144;.1858;93,360,033.35;.0339
MemCopyBench;VectorizedCopyExtension;Throughput;X64;RyuJit;HostFramework;Classic;Clr;5;10;51;4.8948;.0903;204,363,940.83;.0165
MemCopyBench;ArrayCopy;Throughput;X64;RyuJit;HostFramework;Classic;Clr;5;10;52;10.5718;.1752;94,616,953.99;.032
MemCopyBench;BlockCopy;Throughput;X64;RyuJit;HostFramework;Classic;Clr;5;10;52;10.7187;.1882;93,322,595.59;.0344
MemCopyBench;VectorizedCopyExtension;Throughput;X64;RyuJit;HostFramework;Classic;Clr;5;10;52;4.4951;.0806;222,536,108.01;.0147
MemCopyBench;ArrayCopy;Throughput;X64;RyuJit;HostFramework;Classic;Clr;5;10;53;10.578;.192;94,565,822.23;.0351
MemCopyBench;BlockCopy;Throughput;X64;RyuJit;HostFramework;Classic;Clr;5;10;53;10.7211;.1888;93,301,972.95;.0345
MemCopyBench;VectorizedCopyExtension;Throughput;X64;RyuJit;HostFramework;Classic;Clr;5;10;53;4.6009;.0692;217,394,557.63;.0126
MemCopyBench;ArrayCopy;Throughput;X64;RyuJit;HostFramework;Classic;Clr;5;10;54;10.578;.1817;94,562,802.38;.0332
MemCopyBench;BlockCopy;Throughput;X64;RyuJit;HostFramework;Classic;Clr;5;10;54;10.5926;.1811;94,432,281.42;.0331
MemCopyBench;VectorizedCopyExtension;Throughput;X64;RyuJit;HostFramework;Classic;Clr;5;10;54;5.1696;.0218;193,440,403.83;.004
MemCopyBench;ArrayCopy;Throughput;X64;RyuJit;HostFramework;Classic;Clr;5;10;55;10.6973;.0265;93,481,684.14;.0048
MemCopyBench;BlockCopy;Throughput;X64;RyuJit;HostFramework;Classic;Clr;5;10;55;10.5832;.1808;94,515,680.56;.033
MemCopyBench;VectorizedCopyExtension;Throughput;X64;RyuJit;HostFramework;Classic;Clr;5;10;55;5.1892;.0957;192,769,676.39;.0175
MemCopyBench;ArrayCopy;Throughput;X64;RyuJit;HostFramework;Classic;Clr;5;10;56;10.4442;.1845;95,775,804.66;.0337
MemCopyBench;BlockCopy;Throughput;X64;RyuJit;HostFramework;Classic;Clr;5;10;56;10.5789;.1899;94,557,038.50;.0347
MemCopyBench;VectorizedCopyExtension;Throughput;X64;RyuJit;HostFramework;Classic;Clr;5;10;56;4.228;.0667;236,577,786.86;.0122
MemCopyBench;ArrayCopy;Throughput;X64;RyuJit;HostFramework;Classic;Clr;5;10;57;10.5703;.1817;94,631,762.09;.0332
MemCopyBench;BlockCopy;Throughput;X64;RyuJit;HostFramework;Classic;Clr;5;10;57;10.8406;.0118;92,245,716.72;.0022
MemCopyBench;VectorizedCopyExtension;Throughput;X64;RyuJit;HostFramework;Classic;Clr;5;10;57;4.5466;.0085;219,947,200.56;.0016
MemCopyBench;ArrayCopy;Throughput;X64;RyuJit;HostFramework;Classic;Clr;5;10;58;10.447;.1809;95,748,944.26;.033
MemCopyBench;BlockCopy;Throughput;X64;RyuJit;HostFramework;Classic;Clr;5;10;58;10.8512;.0346;92,156,821.13;.0063
MemCopyBench;VectorizedCopyExtension;Throughput;X64;RyuJit;HostFramework;Classic;Clr;5;10;58;4.7337;.0838;211,314,153.63;.0153
MemCopyBench;ArrayCopy;Throughput;X64;RyuJit;HostFramework;Classic;Clr;5;10;59;10.705;.0391;93,415,428.11;.0071
MemCopyBench;BlockCopy;Throughput;X64;RyuJit;HostFramework;Classic;Clr;5;10;59;10.5863;.1832;94,488,878.88;.0334
MemCopyBench;VectorizedCopyExtension;Throughput;X64;RyuJit;HostFramework;Classic;Clr;5;10;59;4.9437;.0897;202,344,005.21;.0164
MemCopyBench;ArrayCopy;Throughput;X64;RyuJit;HostFramework;Classic;Clr;5;10;60;10.5793;.1928;94,554,805.56;.0352
MemCopyBench;BlockCopy;Throughput;X64;RyuJit;HostFramework;Classic;Clr;5;10;60;10.7174;.1793;93,331,749.81;.0327
MemCopyBench;VectorizedCopyExtension;Throughput;X64;RyuJit;HostFramework;Classic;Clr;5;10;60;4.4475;.0745;224,906,136.13;.0136
MemCopyBench;ArrayCopy;Throughput;X64;RyuJit;HostFramework;Classic;Clr;5;10;61;10.4488;.1788;95,731,248.77;.0326
MemCopyBench;BlockCopy;Throughput;X64;RyuJit;HostFramework;Classic;Clr;5;10;61;10.845;.0217;92,208,754.57;.004
MemCopyBench;VectorizedCopyExtension;Throughput;X64;RyuJit;HostFramework;Classic;Clr;5;10;61;4.632;.0864;215,963,550.98;.0158
MemCopyBench;ArrayCopy;Throughput;X64;RyuJit;HostFramework;Classic;Clr;5;10;62;10.5717;.1841;94,620,595.15;.0336
MemCopyBench;BlockCopy;Throughput;X64;RyuJit;HostFramework;Classic;Clr;5;10;62;10.4619;.0358;95,585,758.60;.0065
MemCopyBench;VectorizedCopyExtension;Throughput;X64;RyuJit;HostFramework;Classic;Clr;5;10;62;5.2046;.1126;192,222,130.27;.0205
MemCopyBench;ArrayCopy;Throughput;X64;RyuJit;HostFramework;Classic;Clr;5;10;63;10.4454;.1879;95,765,084.88;.0343
MemCopyBench;BlockCopy;Throughput;X64;RyuJit;HostFramework;Classic;Clr;5;10;63;10.4667;.0428;95,543,050.87;.0078
MemCopyBench;VectorizedCopyExtension;Throughput;X64;RyuJit;HostFramework;Classic;Clr;5;10;63;5.478;.1084;182,617,306.37;.0198
MemCopyBench;ArrayCopy;Throughput;X64;RyuJit;HostFramework;Classic;Clr;5;10;64;10.5678;.1831;94,655,282.22;.0334
MemCopyBench;BlockCopy;Throughput;X64;RyuJit;HostFramework;Classic;Clr;5;10;64;10.5859;.1862;94,493,147.64;.034
MemCopyBench;VectorizedCopyExtension;Throughput;X64;RyuJit;HostFramework;Classic;Clr;5;10;64;3.0431;.0535;328,707,328.52;.0098
MemCopyBench;ArrayCopy;Throughput;X64;RyuJit;HostFramework;Classic;Clr;5;10;65;11.7228;.0219;85,304,264.61;.004
MemCopyBench;BlockCopy;Throughput;X64;RyuJit;HostFramework;Classic;Clr;5;10;65;11.8723;.0283;84,229,978.54;.0052
MemCopyBench;VectorizedCopyExtension;Throughput;X64;RyuJit;HostFramework;Classic;Clr;5;10;65;4.5469;.0092;219,930,039.03;.0017
MemCopyBench;ArrayCopy;Throughput;X64;RyuJit;HostFramework;Classic;Clr;5;10;66;11.9697;.3624;83,616,982.01;.0662
MemCopyBench;BlockCopy;Throughput;X64;RyuJit;HostFramework;Classic;Clr;5;10;66;11.7353;.2108;85,239,892.37;.0385
MemCopyBench;VectorizedCopyExtension;Throughput;X64;RyuJit;HostFramework;Classic;Clr;5;10;66;4.8178;.0909;207,635,742.42;.0166
MemCopyBench;ArrayCopy;Throughput;X64;RyuJit;HostFramework;Classic;Clr;5;10;67;11.5845;.1968;86,346,298.55;.0359
MemCopyBench;BlockCopy;Throughput;X64;RyuJit;HostFramework;Classic;Clr;5;10;67;11.4568;.0379;87,285,076.48;.0069
MemCopyBench;VectorizedCopyExtension;Throughput;X64;RyuJit;HostFramework;Classic;Clr;5;10;67;4.9234;.0831;203,167,583.05;.0152
MemCopyBench;ArrayCopy;Throughput;X64;RyuJit;HostFramework;Classic;Clr;5;10;68;11.8114;.4577;84,785,635.03;.0836
MemCopyBench;BlockCopy;Throughput;X64;RyuJit;HostFramework;Classic;Clr;5;10;68;11.5943;.2004;86,273,706.19;.0366
MemCopyBench;VectorizedCopyExtension;Throughput;X64;RyuJit;HostFramework;Classic;Clr;5;10;68;4.4926;.079;222,656,588.79;.0144
MemCopyBench;ArrayCopy;Throughput;X64;RyuJit;HostFramework;Classic;Clr;5;10;69;11.4554;.2026;87,321,347.35;.037
MemCopyBench;BlockCopy;Throughput;X64;RyuJit;HostFramework;Classic;Clr;5;10;69;11.5861;.1985;86,334,350.84;.0362
MemCopyBench;VectorizedCopyExtension;Throughput;X64;RyuJit;HostFramework;Classic;Clr;5;10;69;4.635;.0807;215,812,211.93;.0147
MemCopyBench;ArrayCopy;Throughput;X64;RyuJit;HostFramework;Classic;Clr;5;10;70;11.8102;.4666;84,798,959.52;.0852
MemCopyBench;BlockCopy;Throughput;X64;RyuJit;HostFramework;Classic;Clr;5;10;70;11.8693;.0065;84,250,770.18;.0012
MemCopyBench;VectorizedCopyExtension;Throughput;X64;RyuJit;HostFramework;Classic;Clr;5;10;70;4.9396;.0953;202,520,153.89;.0174
MemCopyBench;ArrayCopy;Throughput;X64;RyuJit;HostFramework;Classic;Clr;5;10;71;11.5864;.1984;86,332,524.56;.0362
MemCopyBench;BlockCopy;Throughput;X64;RyuJit;HostFramework;Classic;Clr;5;10;71;11.8671;.0091;84,266,549.13;.0017
MemCopyBench;VectorizedCopyExtension;Throughput;X64;RyuJit;HostFramework;Classic;Clr;5;10;71;5.364;.2244;186,738,793.42;.041
MemCopyBench;ArrayCopy;Throughput;X64;RyuJit;HostFramework;Classic;Clr;5;10;72;11.5907;.2111;86,303,703.63;.0385
MemCopyBench;BlockCopy;Throughput;X64;RyuJit;HostFramework;Classic;Clr;5;10;72;11.7275;.1998;85,294,205.42;.0365
MemCopyBench;VectorizedCopyExtension;Throughput;X64;RyuJit;HostFramework;Classic;Clr;5;10;72;4.4905;.0767;222,755,376.45;.014
MemCopyBench;ArrayCopy;Throughput;X64;RyuJit;HostFramework;Classic;Clr;5;10;73;11.4483;.2003;87,375,028.12;.0366
MemCopyBench;BlockCopy;Throughput;X64;RyuJit;HostFramework;Classic;Clr;5;10;73;11.5806;.2065;86,377,472.66;.0377
MemCopyBench;VectorizedCopyExtension;Throughput;X64;RyuJit;HostFramework;Classic;Clr;5;10;73;4.8654;.0037;205,535,085.88;.0007
MemCopyBench;ArrayCopy;Throughput;X64;RyuJit;HostFramework;Classic;Clr;5;10;74;11.3411;.1116;88,182,845.80;.0204
MemCopyBench;BlockCopy;Throughput;X64;RyuJit;HostFramework;Classic;Clr;5;10;74;11.891;.0604;84,099,213.47;.011
MemCopyBench;VectorizedCopyExtension;Throughput;X64;RyuJit;HostFramework;Classic;Clr;5;10;74;5.0741;.0861;197,135,881.15;.0157
MemCopyBench;ArrayCopy;Throughput;X64;RyuJit;HostFramework;Classic;Clr;5;10;75;11.4545;.2026;87,328,072.43;.037
MemCopyBench;BlockCopy;Throughput;X64;RyuJit;HostFramework;Classic;Clr;5;10;75;11.5902;.2031;86,305,271.44;.0371
MemCopyBench;VectorizedCopyExtension;Throughput;X64;RyuJit;HostFramework;Classic;Clr;5;10;75;5.2956;.0147;188,838,550.18;.0027
MemCopyBench;ArrayCopy;Throughput;X64;RyuJit;HostFramework;Classic;Clr;5;10;76;11.5887;.2026;86,316,457.54;.037
MemCopyBench;BlockCopy;Throughput;X64;RyuJit;HostFramework;Classic;Clr;5;10;76;11.5931;.2004;86,283,200.57;.0366
MemCopyBench;VectorizedCopyExtension;Throughput;X64;RyuJit;HostFramework;Classic;Clr;5;10;76;4.8211;.0843;207,483,796.86;.0154
MemCopyBench;ArrayCopy;Throughput;X64;RyuJit;HostFramework;Classic;Clr;5;10;77;11.472;.2376;87,204,046.68;.0434
MemCopyBench;BlockCopy;Throughput;X64;RyuJit;HostFramework;Classic;Clr;5;10;77;11.7353;.1891;85,234,653.29;.0345
MemCopyBench;VectorizedCopyExtension;Throughput;X64;RyuJit;HostFramework;Classic;Clr;5;10;77;4.9858;.0089;200,571,183.57;.0016
MemCopyBench;ArrayCopy;Throughput;X64;RyuJit;HostFramework;Classic;Clr;5;10;78;11.7347;.0494;85,219,009.93;.009
MemCopyBench;BlockCopy;Throughput;X64;RyuJit;HostFramework;Classic;Clr;5;10;78;11.8795;.0483;84,180,198.21;.0088
MemCopyBench;VectorizedCopyExtension;Throughput;X64;RyuJit;HostFramework;Classic;Clr;5;10;78;5.2029;.092;192,257,348.72;.0168
MemCopyBench;ArrayCopy;Throughput;X64;RyuJit;HostFramework;Classic;Clr;5;10;79;11.6882;.5285;85,720,801.91;.0965
MemCopyBench;BlockCopy;Throughput;X64;RyuJit;HostFramework;Classic;Clr;5;10;79;11.5858;.2075;86,338,958.09;.0379
MemCopyBench;VectorizedCopyExtension;Throughput;X64;RyuJit;HostFramework;Classic;Clr;5;10;79;5.5101;.0941;181,535,547.31;.0172
MemCopyBench;ArrayCopy;Throughput;X64;RyuJit;HostFramework;Classic;Clr;5;10;80;11.7256;.0269;85,284,072.64;.0049
MemCopyBench;BlockCopy;Throughput;X64;RyuJit;HostFramework;Classic;Clr;5;10;80;11.8799;.0347;84,176,734.58;.0063
MemCopyBench;VectorizedCopyExtension;Throughput;X64;RyuJit;HostFramework;Classic;Clr;5;10;80;4.7317;.0028;211,342,207.44;.0005
MemCopyBench;ArrayCopy;Throughput;X64;RyuJit;HostFramework;Classic;Clr;5;10;81;11.5829;.2011;86,359,655.13;.0367
MemCopyBench;BlockCopy;Throughput;X64;RyuJit;HostFramework;Classic;Clr;5;10;81;11.592;.2006;86,291,417.05;.0366
MemCopyBench;VectorizedCopyExtension;Throughput;X64;RyuJit;HostFramework;Classic;Clr;5;10;81;4.9856;.0143;200,577,991.64;.0026
MemCopyBench;ArrayCopy;Throughput;X64;RyuJit;HostFramework;Classic;Clr;5;10;82;11.3037;.0113;88,466,615.40;.0021
MemCopyBench;BlockCopy;Throughput;X64;RyuJit;HostFramework;Classic;Clr;5;10;82;11.5961;.1988;86,260,292.05;.0363
MemCopyBench;VectorizedCopyExtension;Throughput;X64;RyuJit;HostFramework;Classic;Clr;5;10;82;5.1768;.0903;193,224,001.89;.0165
MemCopyBench;ArrayCopy;Throughput;X64;RyuJit;HostFramework;Classic;Clr;5;10;83;11.7239;.0249;85,296,328.66;.0045
MemCopyBench;BlockCopy;Throughput;X64;RyuJit;HostFramework;Classic;Clr;5;10;83;11.7252;.1906;85,308,585.31;.0348
MemCopyBench;VectorizedCopyExtension;Throughput;X64;RyuJit;HostFramework;Classic;Clr;5;10;83;5.3646;.0902;186,458,199.54;.0165
MemCopyBench;ArrayCopy;Throughput;X64;RyuJit;HostFramework;Classic;Clr;5;10;84;12.0557;.469;83,066,472.97;.0856
MemCopyBench;BlockCopy;Throughput;X64;RyuJit;HostFramework;Classic;Clr;5;10;84;11.7439;.1928;85,173,036.45;.0352
MemCopyBench;VectorizedCopyExtension;Throughput;X64;RyuJit;HostFramework;Classic;Clr;5;10;84;4.922;.0777;203,218,805.30;.0142
MemCopyBench;ArrayCopy;Throughput;X64;RyuJit;HostFramework;Classic;Clr;5;10;85;11.5402;.1966;86,677,798.64;.0359
MemCopyBench;BlockCopy;Throughput;X64;RyuJit;HostFramework;Classic;Clr;5;10;85;11.7288;.206;85,285,625.32;.0376
MemCopyBench;VectorizedCopyExtension;Throughput;X64;RyuJit;HostFramework;Classic;Clr;5;10;85;5.1682;.0171;193,491,532.67;.0031
MemCopyBench;ArrayCopy;Throughput;X64;RyuJit;HostFramework;Classic;Clr;5;10;86;11.5886;.2068;86,318,315.35;.0378
MemCopyBench;BlockCopy;Throughput;X64;RyuJit;HostFramework;Classic;Clr;5;10;86;11.5933;.1974;86,280,486.51;.036
MemCopyBench;VectorizedCopyExtension;Throughput;X64;RyuJit;HostFramework;Classic;Clr;5;10;86;5.4244;.0042;184,351,617.69;.0008
MemCopyBench;ArrayCopy;Throughput;X64;RyuJit;HostFramework;Classic;Clr;5;10;87;11.7222;.0283;85,309,030.14;.0052
MemCopyBench;BlockCopy;Throughput;X64;RyuJit;HostFramework;Classic;Clr;5;10;87;11.4522;.0269;87,319,971.53;.0049
MemCopyBench;VectorizedCopyExtension;Throughput;X64;RyuJit;HostFramework;Classic;Clr;5;10;87;5.5766;.0981;179,372,766.90;.0179
MemCopyBench;ArrayCopy;Throughput;X64;RyuJit;HostFramework;Classic;Clr;5;10;88;11.5825;.2005;86,362,283.55;.0366
MemCopyBench;BlockCopy;Throughput;X64;RyuJit;HostFramework;Classic;Clr;5;10;88;11.5944;.2;86,273,090.63;.0365
MemCopyBench;VectorizedCopyExtension;Throughput;X64;RyuJit;HostFramework;Classic;Clr;5;10;88;4.6403;.0779;215,562,830.79;.0142
MemCopyBench;ArrayCopy;Throughput;X64;RyuJit;HostFramework;Classic;Clr;5;10;89;11.7236;.0282;85,298,209.63;.0052
MemCopyBench;BlockCopy;Throughput;X64;RyuJit;HostFramework;Classic;Clr;5;10;89;11.7365;.2128;85,231,275.31;.0389
MemCopyBench;VectorizedCopyExtension;Throughput;X64;RyuJit;HostFramework;Classic;Clr;5;10;89;5.0037;.0122;199,853,963.53;.0022
MemCopyBench;ArrayCopy;Throughput;X64;RyuJit;HostFramework;Classic;Clr;5;10;90;12.2382;.7389;81,988,480.82;.1349
MemCopyBench;BlockCopy;Throughput;X64;RyuJit;HostFramework;Classic;Clr;5;10;90;11.7272;.204;85,296,857.13;.0373
MemCopyBench;VectorizedCopyExtension;Throughput;X64;RyuJit;HostFramework;Classic;Clr;5;10;90;5.2192;.0945;191,659,846.71;.0172
MemCopyBench;ArrayCopy;Throughput;X64;RyuJit;HostFramework;Classic;Clr;5;10;91;11.587;.2036;86,329,527.94;.0372
MemCopyBench;BlockCopy;Throughput;X64;RyuJit;HostFramework;Classic;Clr;5;10;91;11.8701;.0259;84,245,973.81;.0047
MemCopyBench;VectorizedCopyExtension;Throughput;X64;RyuJit;HostFramework;Classic;Clr;5;10;91;5.44;.0114;183,825,457.11;.0021
MemCopyBench;ArrayCopy;Throughput;X64;RyuJit;HostFramework;Classic;Clr;5;10;92;11.5892;.2083;86,314,606.59;.038
MemCopyBench;BlockCopy;Throughput;X64;RyuJit;HostFramework;Classic;Clr;5;10;92;11.5953;.2023;86,266,592.15;.0369
MemCopyBench;VectorizedCopyExtension;Throughput;X64;RyuJit;HostFramework;Classic;Clr;5;10;92;5.0319;.0077;198,730,867.64;.0014
MemCopyBench;ArrayCopy;Throughput;X64;RyuJit;HostFramework;Classic;Clr;5;10;93;11.5892;.1958;86,311,165.58;.0357
MemCopyBench;BlockCopy;Throughput;X64;RyuJit;HostFramework;Classic;Clr;5;10;93;11.8618;.0193;84,304,339.20;.0035
MemCopyBench;VectorizedCopyExtension;Throughput;X64;RyuJit;HostFramework;Classic;Clr;5;10;93;5.071;.0884;197,258,274.48;.0161
MemCopyBench;ArrayCopy;Throughput;X64;RyuJit;HostFramework;Classic;Clr;5;10;94;11.7264;.0237;85,277,766.73;.0043
MemCopyBench;BlockCopy;Throughput;X64;RyuJit;HostFramework;Classic;Clr;5;10;94;11.7355;.1975;85,235,405.64;.0361
MemCopyBench;VectorizedCopyExtension;Throughput;X64;RyuJit;HostFramework;Classic;Clr;5;10;94;5.6256;.1023;177,817,567.19;.0187
MemCopyBench;ArrayCopy;Throughput;X64;RyuJit;HostFramework;Classic;Clr;5;10;95;11.7331;.0535;85,230,760.17;.0098
MemCopyBench;BlockCopy;Throughput;X64;RyuJit;HostFramework;Classic;Clr;5;10;95;11.5949;.2184;86,273,792.82;.0399
MemCopyBench;VectorizedCopyExtension;Throughput;X64;RyuJit;HostFramework;Classic;Clr;5;10;95;5.8273;.0056;171,606,888.66;.001
MemCopyBench;ArrayCopy;Throughput;X64;RyuJit;HostFramework;Classic;Clr;5;10;96;11.3091;.1958;88,449,832.87;.0357
MemCopyBench;BlockCopy;Throughput;X64;RyuJit;HostFramework;Classic;Clr;5;10;96;11.7332;.0389;85,229,336.97;.0071
MemCopyBench;VectorizedCopyExtension;Throughput;X64;RyuJit;HostFramework;Classic;Clr;5;10;96;3.6662;.0124;272,761,616.16;.0023
MemCopyBench;ArrayCopy;Throughput;X64;RyuJit;HostFramework;Classic;Clr;5;10;508;13.3261;.2335;75,062,999.88;.0426
MemCopyBench;BlockCopy;Throughput;X64;RyuJit;HostFramework;Classic;Clr;5;10;508;13.3132;.2298;75,134,983.27;.042
MemCopyBench;VectorizedCopyExtension;Throughput;X64;RyuJit;HostFramework;Classic;Clr;5;10;508;11.6263;.0577;86,013,569.89;.0105
MemCopyBench;ArrayCopy;Throughput;X64;RyuJit;HostFramework;Classic;Clr;5;10;509;13.3366;.226;75,002,805.45;.0413
MemCopyBench;BlockCopy;Throughput;X64;RyuJit;HostFramework;Classic;Clr;5;10;509;13.5102;.2664;74,046,033.00;.0486
MemCopyBench;VectorizedCopyExtension;Throughput;X64;RyuJit;HostFramework;Classic;Clr;5;10;509;11.7425;.0397;85,161,359.30;.0072
MemCopyBench;ArrayCopy;Throughput;X64;RyuJit;HostFramework;Classic;Clr;5;10;510;13.0299;.0439;76,747,285.21;.008
MemCopyBench;BlockCopy;Throughput;X64;RyuJit;HostFramework;Classic;Clr;5;10;510;13.4774;.2236;74,218,375.69;.0408
MemCopyBench;VectorizedCopyExtension;Throughput;X64;RyuJit;HostFramework;Classic;Clr;5;10;510;12.2528;.0306;81,614,566.00;.0056
MemCopyBench;ArrayCopy;Throughput;X64;RyuJit;HostFramework;Classic;Clr;5;10;511;14.1144;.8999;71,116,990.45;.1643
MemCopyBench;BlockCopy;Throughput;X64;RyuJit;HostFramework;Classic;Clr;5;10;511;13.6376;.0369;73,327,102.71;.0067
MemCopyBench;VectorizedCopyExtension;Throughput;X64;RyuJit;HostFramework;Classic;Clr;5;10;511;12.0609;.0608;82,914,377.74;.0111
MemCopyBench;ArrayCopy;Throughput;X64;RyuJit;HostFramework;Classic;Clr;5;10;512;13.4078;.2899;74,617,647.48;.0529
MemCopyBench;BlockCopy;Throughput;X64;RyuJit;HostFramework;Classic;Clr;5;10;512;13.6296;.008;73,370,014.01;.0015
MemCopyBench;VectorizedCopyExtension;Throughput;X64;RyuJit;HostFramework;Classic;Clr;5;10;512;10.0166;.1897;99,869,525.44;.0346
MemCopyBench;ArrayCopy;Throughput;X64;RyuJit;HostFramework;Classic;Clr;5;10;513;13.6352;.0327;73,339,879.75;.006
MemCopyBench;BlockCopy;Throughput;X64;RyuJit;HostFramework;Classic;Clr;5;10;513;13.6228;.245;73,429,789.82;.0447
MemCopyBench;VectorizedCopyExtension;Throughput;X64;RyuJit;HostFramework;Classic;Clr;5;10;513;11.937;.0212;83,773,574.83;.0039
MemCopyBench;ArrayCopy;Throughput;X64;RyuJit;HostFramework;Classic;Clr;5;10;543;13.1517;.0325;76,036,487.57;.0059
MemCopyBench;BlockCopy;Throughput;X64;RyuJit;HostFramework;Classic;Clr;5;10;543;13.6717;.1617;73,153,940.72;.0295
MemCopyBench;VectorizedCopyExtension;Throughput;X64;RyuJit;HostFramework;Classic;Clr;5;10;543;13.2079;.0309;75,712,405.37;.0056
MemCopyBench;ArrayCopy;Throughput;X64;RyuJit;HostFramework;Classic;Clr;5;10;544;13.6455;.0555;73,285,458.30;.0101
MemCopyBench;BlockCopy;Throughput;X64;RyuJit;HostFramework;Classic;Clr;5;10;544;13.585;.2165;73,629,017.73;.0395
MemCopyBench;VectorizedCopyExtension;Throughput;X64;RyuJit;HostFramework;Classic;Clr;5;10;544;11.0542;.0313;90,463,832.62;.0057
MemCopyBench;ArrayCopy;Throughput;X64;RyuJit;HostFramework;Classic;Clr;5;10;547;13.4514;.2285;74,362,264.10;.0417
MemCopyBench;BlockCopy;Throughput;X64;RyuJit;HostFramework;Classic;Clr;5;10;547;14.8555;.7506;67,482,743.68;.137
MemCopyBench;VectorizedCopyExtension;Throughput;X64;RyuJit;HostFramework;Classic;Clr;5;10;547;12.8129;.0475;78,047,153.57;.0087
MemCopyBench;ArrayCopy;Throughput;X64;RyuJit;HostFramework;Classic;Clr;5;10;576;13.9691;.6331;71,726,838.89;.1156
MemCopyBench;BlockCopy;Throughput;X64;RyuJit;HostFramework;Classic;Clr;5;10;576;13.7897;.2525;72,541,555.67;.0461
MemCopyBench;VectorizedCopyExtension;Throughput;X64;RyuJit;HostFramework;Classic;Clr;5;10;576;11.0111;.2011;90,846,551.92;.0367
MemCopyBench;ArrayCopy;Throughput;X64;RyuJit;HostFramework;Classic;Clr;5;10;1024;17.1668;.8558;58,387,687.56;.1562
MemCopyBench;BlockCopy;Throughput;X64;RyuJit;HostFramework;Classic;Clr;5;10;1024;16.6559;.2813;60,055,379.14;.0514
MemCopyBench;VectorizedCopyExtension;Throughput;X64;RyuJit;HostFramework;Classic;Clr;5;10;1024;17.6044;.1651;56,808,897.59;.0302
MemCopyBench;ArrayCopy;Throughput;X64;RyuJit;HostFramework;Classic;Clr;5;10;4096;45.7931;1.6124;21,863,405.86;.2944
MemCopyBench;BlockCopy;Throughput;X64;RyuJit;HostFramework;Classic;Clr;5;10;4096;45.8172;1.2883;21,842,594.11;.2352
MemCopyBench;VectorizedCopyExtension;Throughput;X64;RyuJit;HostFramework;Classic;Clr;5;10;4096;47.0823;.8151;21,245,586.44;.1488
MemCopyBench;ArrayCopy;Throughput;X64;RyuJit;HostFramework;Classic;Clr;5;10;8512;86.3654;.326;11,578,867.96;.0595
MemCopyBench;BlockCopy;Throughput;X64;RyuJit;HostFramework;Classic;Clr;5;10;8512;86.4953;.3797;11,561,535.36;.0693
MemCopyBench;VectorizedCopyExtension;Throughput;X64;RyuJit;HostFramework;Classic;Clr;5;10;8512;92.2227;.4168;10,843,528.27;.0761
